{
  "name": "VFD Control",
  "version": "1.0.0",
  "keywords": "vfd, motor, control, modbus, industrial, automation, schneider, siemens, weg, abb, danfoss, yaskawa",
  "description": "Arduino library for controlling various VFD models via Modbus RTU",
  "repository": {
    "type": "git",
    "url": "https://github.com/djairjr/Vfd.git"
  },
  "authors": [
    {
      "name": "Djair Guilherme",
      "email": "djair.jr@gmail.com",
      "url": "https://github.com/djairjr/",
      "maintainer": true
    }
  ],
  "license": "MIT",
  "frameworks": "arduino",
  "platforms": "*",
  "dependencies": [
    {
      "name": "ModbusMaster",
      "version": ">=2.0.0"
    }
  ],
  "export": {
    "exclude": [
      "extras",
      "test",
      "*.md"
    ]
  }
}